<TransformSpec id="transform-locations" abortIfErrorsOccur="false">
  <MetaData>
    <Label>Transform Locations</Label>
    <Description xml:space="preserve"><![CDATA[]]></Description>
    <Modified>2024-09-27T18:38:23.698563919Z</Modified>
    <Created>2024-09-24T19:32:31.650765547Z</Created>
    <CreatedByUser>http://eccenca.com/admin</CreatedByUser>
    <LastModifiedByUser>http://eccenca.com/admin</LastModifiedByUser>
    <Tags> </Tags>
  </MetaData>
  <SourceDataset dataSource="source-table" var="a" typeUri="data+regions">
    <RestrictTo xml:space="preserve">
          
        </RestrictTo>
  </SourceDataset>
  <RootMappingRule id="root">
    <MappingTarget uri="" isBackwardProperty="false" isAttribute="false">
      <ValueType nodeType="UriValueType"/>
    </MappingTarget>
    <MappingRules>
      <TransformRule name="uri">
        <MetaData>
          <Label></Label>
          <Description xml:space="preserve"><![CDATA[]]></Description>
          <Tags> </Tags>
        </MetaData>
        <TransformInput id="concat" function="concat">
          <TransformInput id="constant" function="constant">
            <Param name="value" xml:space="preserve"><![CDATA[https://muldenlandjugend.de/location]]></Param>
          </TransformInput>
          <TransformInput id="urlEncode" function="urlEncode">
            <Input id="path0" path="ID"/>
            <Param name="encoding" xml:space="preserve"><![CDATA[UTF-8]]></Param>
          </TransformInput>
          <Param name="glue" xml:space="preserve"><![CDATA[/]]></Param>
          <Param name="missingValuesAsEmptyStrings" xml:space="preserve"><![CDATA[false]]></Param>
        </TransformInput>
        <RuleLayout>
          <NodePositions>
            <NodePos id="path0" x="-240" y="-16"/>
            <NodePos id="constant" x="-255" y="-195"/>
            <NodePos id="concat" x="435" y="-210"/>
            <NodePos id="urlEncode" x="90" y="-15"/>
          </NodePositions>
        </RuleLayout>
        <UiAnnotations>
          <StickyNotes> </StickyNotes>
        </UiAnnotations>
      </TransformRule>
      <TransformRule name="name">
        <MetaData>
          <Label></Label>
          <Description xml:space="preserve"><![CDATA[]]></Description>
          <Tags> </Tags>
        </MetaData>
        <Input id="name" path="name"/>
        <MappingTarget uri="name" isBackwardProperty="false" isAttribute="true">
          <ValueType nodeType="StringValueType"/>
        </MappingTarget>
        <RuleLayout>
          <NodePositions> </NodePositions>
        </RuleLayout>
        <UiAnnotations>
          <StickyNotes> </StickyNotes>
        </UiAnnotations>
      </TransformRule>
      <TransformRule name="long">
        <MetaData>
          <Label></Label>
          <Description xml:space="preserve"><![CDATA[]]></Description>
          <Tags> </Tags>
        </MetaData>
        <TransformInput id="FloatTypeParser" function="FloatTypeParser">
          <TransformInput id="regexExtract" function="regexExtract">
            <Input id="long" path="GPS"/>
            <Param name="regex" xml:space="preserve"><![CDATA[([0-9]+\.[0-9]+).*,]]></Param>
            <Param name="extractAll" xml:space="preserve"><![CDATA[false]]></Param>
          </TransformInput>
          <Param name="commaAsDecimalPoint" xml:space="preserve"><![CDATA[false]]></Param>
          <Param name="thousandSeparator" xml:space="preserve"><![CDATA[false]]></Param>
          <Param name="bracketsForNegative" xml:space="preserve"><![CDATA[false]]></Param>
        </TransformInput>
        <MappingTarget uri="lat" isBackwardProperty="false" isAttribute="true">
          <ValueType nodeType="FloatValueType"/>
        </MappingTarget>
        <RuleLayout>
          <NodePositions>
            <NodePos id="long" x="-375" y="-90"/>
            <NodePos id="regexExtract" x="-45" y="-135"/>
            <NodePos id="FloatTypeParser" x="315" y="-150"/>
          </NodePositions>
        </RuleLayout>
        <UiAnnotations>
          <StickyNotes> </StickyNotes>
        </UiAnnotations>
      </TransformRule>
      <TransformRule name="long1">
        <MetaData>
          <Label></Label>
          <Description xml:space="preserve"><![CDATA[]]></Description>
          <Tags> </Tags>
        </MetaData>
        <TransformInput id="FloatTypeParser" function="FloatTypeParser">
          <TransformInput id="regexExtract" function="regexExtract">
            <Input id="long" path="GPS"/>
            <Param name="regex" xml:space="preserve"><![CDATA[.+,(.*[0-9]+\.[0-9]+)]]></Param>
            <Param name="extractAll" xml:space="preserve"><![CDATA[false]]></Param>
          </TransformInput>
          <Param name="commaAsDecimalPoint" xml:space="preserve"><![CDATA[false]]></Param>
          <Param name="thousandSeparator" xml:space="preserve"><![CDATA[false]]></Param>
          <Param name="bracketsForNegative" xml:space="preserve"><![CDATA[false]]></Param>
        </TransformInput>
        <MappingTarget uri="long" isBackwardProperty="false" isAttribute="true">
          <ValueType nodeType="FloatValueType"/>
        </MappingTarget>
        <RuleLayout>
          <NodePositions>
            <NodePos id="long" x="-375" y="-90"/>
            <NodePos id="regexExtract" x="-45" y="-135"/>
            <NodePos id="FloatTypeParser" x="315" y="-150"/>
          </NodePositions>
        </RuleLayout>
        <UiAnnotations>
          <StickyNotes> </StickyNotes>
        </UiAnnotations>
      </TransformRule>
      <TransformRule name="zone">
        <MetaData>
          <Label></Label>
          <Description xml:space="preserve"><![CDATA[]]></Description>
          <Tags> </Tags>
        </MetaData>
        <Input id="zone" path="place+category"/>
        <MappingTarget uri="zone" isBackwardProperty="false" isAttribute="true">
          <ValueType nodeType="IntValueType"/>
        </MappingTarget>
        <RuleLayout>
          <NodePositions> </NodePositions>
        </RuleLayout>
        <UiAnnotations>
          <StickyNotes> </StickyNotes>
        </UiAnnotations>
      </TransformRule>
      <TransformRule name="description">
        <MetaData>
          <Label></Label>
          <Description xml:space="preserve"><![CDATA[]]></Description>
          <Tags> </Tags>
        </MetaData>
        <Input id="description" path="description"/>
        <MappingTarget uri="description" isBackwardProperty="false" isAttribute="true">
          <ValueType nodeType="StringValueType"/>
        </MappingTarget>
        <RuleLayout>
          <NodePositions> </NodePositions>
        </RuleLayout>
        <UiAnnotations>
          <StickyNotes> </StickyNotes>
        </UiAnnotations>
      </TransformRule>
      <TransformRule name="opening_hours">
        <MetaData>
          <Label></Label>
          <Description xml:space="preserve"><![CDATA[]]></Description>
          <Tags> </Tags>
        </MetaData>
        <Input id="opening_hours" path="opening+hours"/>
        <MappingTarget uri="opening_hours" isBackwardProperty="false" isAttribute="true">
          <ValueType nodeType="StringValueType"/>
        </MappingTarget>
        <RuleLayout>
          <NodePositions> </NodePositions>
        </RuleLayout>
        <UiAnnotations>
          <StickyNotes> </StickyNotes>
        </UiAnnotations>
      </TransformRule>
      <TransformRule name="link">
        <MetaData>
          <Label></Label>
          <Description xml:space="preserve"><![CDATA[]]></Description>
          <Tags> </Tags>
        </MetaData>
        <Input id="link" path="place+link"/>
        <MappingTarget uri="link" isBackwardProperty="false" isAttribute="true">
          <ValueType nodeType="UriLiteralValueType"/>
        </MappingTarget>
        <RuleLayout>
          <NodePositions> </NodePositions>
        </RuleLayout>
        <UiAnnotations>
          <StickyNotes> </StickyNotes>
        </UiAnnotations>
      </TransformRule>
      <TransformRule name="region">
        <MetaData>
          <Label></Label>
          <Description xml:space="preserve"><![CDATA[]]></Description>
          <Tags> </Tags>
        </MetaData>
        <TransformInput id="lowerCase" function="lowerCase">
          <Input id="region" path="area"/>
        </TransformInput>
        <MappingTarget uri="area" isBackwardProperty="false" isAttribute="true">
          <ValueType nodeType="StringValueType"/>
        </MappingTarget>
        <RuleLayout>
          <NodePositions>
            <NodePos id="region" x="0" y="0"/>
            <NodePos id="lowerCase" x="270" y="15"/>
          </NodePositions>
        </RuleLayout>
        <UiAnnotations>
          <StickyNotes> </StickyNotes>
        </UiAnnotations>
      </TransformRule>
      <TransformRule name="picture">
        <MetaData>
          <Label></Label>
          <Description xml:space="preserve"><![CDATA[]]></Description>
          <Tags> </Tags>
        </MetaData>
        <Input id="picture" path="picture+link"/>
        <MappingTarget uri="picture" isBackwardProperty="false" isAttribute="true">
          <ValueType nodeType="UriLiteralValueType"/>
        </MappingTarget>
        <RuleLayout>
          <NodePositions> </NodePositions>
        </RuleLayout>
        <UiAnnotations>
          <StickyNotes> </StickyNotes>
        </UiAnnotations>
      </TransformRule>
      <TransformRule name="accessibility">
        <MetaData>
          <Label></Label>
          <Description xml:space="preserve"><![CDATA[]]></Description>
          <Tags> </Tags>
        </MetaData>
        <Input id="accessibility" path="accessibility"/>
        <MappingTarget uri="accessibility" isBackwardProperty="false" isAttribute="true">
          <ValueType nodeType="StringValueType"/>
        </MappingTarget>
        <RuleLayout>
          <NodePositions> </NodePositions>
        </RuleLayout>
        <UiAnnotations>
          <StickyNotes> </StickyNotes>
        </UiAnnotations>
      </TransformRule>
      <TransformRule name="risk">
        <MetaData>
          <Label></Label>
          <Description xml:space="preserve"><![CDATA[]]></Description>
          <Tags> </Tags>
        </MetaData>
        <Input id="risk" path="risk"/>
        <MappingTarget uri="risk" isBackwardProperty="false" isAttribute="true">
          <ValueType nodeType="StringValueType"/>
        </MappingTarget>
        <RuleLayout>
          <NodePositions> </NodePositions>
        </RuleLayout>
        <UiAnnotations>
          <StickyNotes> </StickyNotes>
        </UiAnnotations>
      </TransformRule>
    </MappingRules>
    <MetaData>
      <Label></Label>
      <Description xml:space="preserve"><![CDATA[]]></Description>
      <Tags> </Tags>
    </MetaData>
  </RootMappingRule>
  <Outputs> </Outputs>
  <TargetVocabularyCategory>all installed vocabularies</TargetVocabularyCategory>
  <Params name="selection"></Params>
</TransformSpec>
