<Dataset id="output-json" type="json" uriProperty="" readOnly="false">
  <MetaData>
    <Label>Target JSON</Label>
    <Description xml:space="preserve"><![CDATA[]]></Description>
    <Modified>2024-09-24T19:47:07.626197299Z</Modified>
    <Created>2024-09-24T19:47:07.626197299Z</Created>
    <CreatedByUser>http://eccenca.com/admin</CreatedByUser>
    <LastModifiedByUser>http://eccenca.com/admin</LastModifiedByUser>
    <Tags> </Tags>
  </MetaData>
  <Param name="zipFileRegex" xml:space="preserve"><![CDATA[^(?!.*[\/\\]\..*$|^\..*$).*\.jsonl?$]]></Param>
  <Param name="streaming" xml:space="preserve"><![CDATA[true]]></Param>
  <Param name="maxDepth" xml:space="preserve"><![CDATA[15]]></Param>
  <Param name="basePath" xml:space="preserve"><![CDATA[]]></Param>
  <Param name="template" xml:space="preserve"><![CDATA[{{output}}]]></Param>
  <Param name="file" xml:space="preserve"><![CDATA[output.json]]></Param>
  <Param name="uriPattern" xml:space="preserve"><![CDATA[]]></Param>
</Dataset>
