<Dataset id="source-table" type="googlespreadsheet" uriProperty="" readOnly="true">
  <MetaData>
    <Label>MuldenLandJugend</Label>
    <Description xml:space="preserve"><![CDATA[]]></Description>
    <Modified>2024-09-24T19:31:18.337074680Z</Modified>
    <Created>2024-09-24T19:31:18.337074680Z</Created>
    <CreatedByUser>http://eccenca.com/admin</CreatedByUser>
    <LastModifiedByUser>http://eccenca.com/admin</LastModifiedByUser>
    <Tags> </Tags>
  </MetaData>
  <Param name="url" xml:space="preserve"><![CDATA[https://docs.google.com/spreadsheets/d/1s1nRDdbsFxhASp8bx32F1VDpETTzZ9W6wj6tZNshBDY/edit?usp=sharing]]></Param>
  <Param name="streaming" xml:space="preserve"><![CDATA[true]]></Param>
  <Param name="invalidateCacheAfter" xml:space="preserve"><![CDATA[PT1M]]></Param>
  <Param name="linesToSkip" xml:space="preserve"><![CDATA[0]]></Param>
</Dataset>
