<Workflow id="create-json-dump" replaceableInputs="" replaceableOutputs="output-json">
  <MetaData>
    <Label>Create JSON Dump</Label>
    <Description xml:space="preserve"><![CDATA[]]></Description>
    <Modified>2024-09-27T18:23:12.506541220Z</Modified>
    <Created>2024-09-24T19:27:58.010774503Z</Created>
    <CreatedByUser>http://eccenca.com/admin</CreatedByUser>
    <LastModifiedByUser>http://eccenca.com/admin</LastModifiedByUser>
    <Tags> </Tags>
  </MetaData>
  <Operator posX="375" posY="165" task="transform-locations" inputs="source-table" outputs="output-json" errorOutputs="" id="transform-locations" configInputs="" dependencyInputs=""/>
  <Dataset posX="90" posY="165" task="source-table" inputs="" outputs="transform-locations" id="source-table" configInputs="" dependencyInputs=""/>
  <Dataset posX="660" posY="165" task="output-json" inputs="transform-locations" outputs="" id="output-json" configInputs="" dependencyInputs=""/>
  <UiAnnotations>
    <StickyNotes> </StickyNotes>
  </UiAnnotations>
</Workflow>
